[{"id":1,"title":"Inception","year":2010,"description":"Un ladrón que roba secretos corporativos a través del uso de la tecnología de sueños compartidos recibe la tarea inversa: implantar una idea en la mente de un director ejecutivo.","rating":8.8,"posterUrl":null},{"id":2,"title":"The Shawshank Redemption","year":1994,"description":"Dos hombres encarcelados desarrollan un vínculo a lo largo de los años, encontrando consuelo y redención a través de actos de decencia común.","rating":9.3,"posterUrl":null},{"id":3,"title":"The Dark Knight","year":2008,"description":"Cuando el Joker emerge como una nueva amenaza en Gotham, Batman debe enfrentarse a uno de los mayores desafíos de su vida mientras protege la ciudad.","rating":9.0,"posterUrl":null},{"id":4,"title":"Forrest Gump","year":1994,"description":"La vida de Forrest Gump, un hombre con un bajo coeficiente intelectual, está llena de eventos extraordinarios y amor eterno por su infancia.","rating":8.8,"posterUrl":null},{"id":5,"title":"The Matrix","year":1999,"description":"Un hacker descubre la aterradora verdad sobre su realidad y su papel en la guerra contra sus controladores.","rating":8.7,"posterUrl":null},{"id":6,"title":"Pulp Fiction","year":1994,"description":"La vida de dos asesinos a sueldo, un boxeador, una esposa de gánster y dos bandidos se entrelaza en una serie de incidentes inesperados.","rating":8.9,"posterUrl":null},{"id":7,"title":"Interstellar","year":2014,"description":"Un equipo de exploradores viaja a través de un agujero de gusano en el espacio en un intento por salvar a la humanidad.","rating":8.6,"posterUrl":null},{"id":8,"title":"Fight Club","year":1999,"description":"Un oficinista deprimido forma un club clandestino de lucha como una forma de liberarse de su vida mundana.","rating":8.8,"posterUrl":null},{"id":9,"title":"The Godfather","year":1972,"description":"El envejecido patriarca de una dinastía del crimen organiza la transferencia de su imperio clandestino a su hijo menor.","rating":9.2,"posterUrl":null},{"id":10,"title":"The Lord of the Rings: The Fellowship of the Ring","year":2001,"description":"Un joven hobbit y sus amigos emprenden un peligroso viaje para destruir un anillo mágico y salvar a la Tierra Media.","rating":8.8,"posterUrl":null}]